Sex,Length,L,M,S,P3,P5,P10,P25,P50,P75,P90,P95,P97
1,45,-0.3521,2.441,0.09182,2.043085,2.106981,2.175173,2.295939,2.441,2.598735,2.752713,2.850807,2.951324
1,45.5,-0.3521,2.5244,0.09153,2.114041,2.179956,2.250293,2.374837,2.5244,2.686987,2.84566,2.946724,3.050268
1,46,-0.3521,2.6077,0.09124,2.18499,2.252911,2.325378,2.453671,2.6077,2.775097,2.938422,3.042427,3.148968
1,46.5,-0.3521,2.6913,0.09094,2.25631,2.326226,2.400814,2.532835,2.6913,2.863471,3.031408,3.138329,3.247837
1,47,-0.3521,2.7755,0.09065,2.32817,2.400092,2.47681,2.612577,2.7755,2.952467,3.125038,3.234886,3.347375
1,47.5,-0.3521,2.8609,0.09036,2.401115,2.475063,2.553931,2.69348,2.8609,3.042704,3.219945,3.332742,3.448234
1,48,-0.3521,2.948,0.09007,2.475566,2.551572,2.632625,2.776015,2.948,3.134712,3.316691,3.43248,3.551015
1,48.5,-0.3521,3.0377,0.08977,2.552331,2.630444,2.713732,2.861048,3.0377,3.229426,3.41624,3.53508,3.65672
1,49,-0.3521,3.1308,0.08948,2.631991,2.712292,2.797902,2.949299,3.1308,3.327737,3.519578,3.641592,3.76646
1,49.5,-0.3521,3.2276,0.08919,2.71485,2.79742,2.88544,3.04107,3.2276,3.42994,3.626994,3.752297,3.880511
1,50,-0.3521,3.3278,0.0889,2.80066,2.885574,2.976081,3.13608,3.3278,3.535715,3.738145,3.86684,3.998505
1,50.5,-0.3521,3.4311,0.08861,2.889173,2.976497,3.06956,3.234048,3.4311,3.644741,3.852691,3.984869,4.120075
1,51,-0.3521,3.5376,0.08831,2.980535,3.070327,3.166008,3.335092,3.5376,3.757096,3.970687,4.106421,4.245244
1,51.5,-0.3521,3.6477,0.08801,3.075034,3.167371,3.26575,3.439571,3.6477,3.873226,4.092626,4.232023,4.374568
1,52,-0.3521,3.762,0.08771,3.173182,3.268154,3.369328,3.548053,3.762,3.993768,4.219179,4.362364,4.50876
1,52.5,-0.3521,3.8814,0.08741,3.275745,3.373464,3.477551,3.661388,3.8814,4.119672,4.351347,4.49848,4.648887
1,53,-0.3521,4.006,0.08711,3.382814,3.483394,3.590514,3.779675,4.006,4.251043,4.489236,4.640477,4.795059
1,53.5,-0.3521,4.1354,0.08681,3.494059,3.597603,3.707865,3.902538,4.1354,4.387451,4.632391,4.787883,4.946784
1,54,-0.3521,4.2693,0.08651,3.609233,3.715835,3.829338,4.029697,4.2693,4.528577,4.78047,4.940342,5.103693
1,54.5,-0.3521,4.4066,0.08621,3.727413,3.837139,3.953952,4.160116,4.4066,4.67325,4.932235,5.096575,5.264463
1,55,-0.3521,4.5467,0.08592,3.848024,3.960933,4.081121,4.293202,4.5467,4.820865,5.08708,5.255972,5.428484
1,55.5,-0.3521,4.6892,0.08563,3.970797,4.086931,4.210535,4.428606,4.6892,4.970965,5.244488,5.417981,5.595166
1,56,-0.3521,4.8338,0.08535,4.095407,4.214808,4.341875,4.566015,4.8338,5.123266,5.404194,5.582349,5.764267
1,56.5,-0.3521,4.9796,0.08507,4.221164,4.343844,4.474383,4.704609,4.9796,5.276779,5.565121,5.747942,5.934596
1,57,-0.3521,5.1259,0.08481,4.347314,4.473289,4.607318,4.843662,5.1259,5.430838,5.726639,5.914155,6.105576
1,57.5,-0.3521,5.2721,0.08455,4.473502,4.602751,4.740248,4.982669,5.2721,5.584736,5.887933,6.080102,6.276246
1,58,-0.3521,5.418,0.0843,4.599472,4.731982,4.872933,5.121406,5.418,5.738301,6.048861,6.245662,6.446507
1,58.5,-0.3521,5.5632,0.08406,4.724876,4.860627,5.005008,5.259492,5.5632,5.891111,6.208982,6.410382,6.615894
1,59,-0.3521,5.7074,0.08383,4.849452,4.988415,5.136198,5.39664,5.7074,6.042854,6.36797,6.573927,6.784063
1,59.5,-0.3521,5.8501,0.08362,4.972673,5.114823,5.265982,5.532339,5.8501,6.193047,6.52536,6.735847,6.950579
1,60,-0.3521,5.9907,0.08342,5.09411,5.239396,5.393876,5.666051,5.9907,6.341016,6.68041,6.89535,7.114604
1,60.5,-0.3521,6.1284,0.08324,5.212973,5.36134,5.519084,5.796979,6.1284,6.485965,6.832326,7.05165,7.275354
1,61,-0.3521,6.2632,0.08308,5.329248,5.480644,5.641597,5.925116,6.2632,6.6279,6.981122,7.204766,7.432856
1,61.5,-0.3521,6.3954,0.08292,5.44338,5.597732,5.761815,6.05082,6.3954,6.767053,7.126957,7.354806,7.587165
1,62,-0.3521,6.5251,0.08279,5.555138,5.71242,5.87961,6.174063,6.5251,6.903673,7.270234,7.502278,7.738897
1,62.5,-0.3521,6.6527,0.08266,5.665162,5.825317,5.99555,6.29534,6.6527,7.038046,7.411123,7.647269,7.888055
1,63,-0.3521,6.7786,0.08255,5.773573,5.936584,6.109844,6.414944,6.7786,7.170696,7.55027,7.79051,8.035457
1,63.5,-0.3521,6.9028,0.08245,5.88047,6.046305,6.22256,6.532913,6.9028,7.301578,7.687586,7.931881,8.180948
1,64,-0.3521,7.0255,0.08236,5.986016,6.15465,6.333872,6.649434,7.0255,7.430906,7.823298,8.071618,8.324777
1,64.5,-0.3521,7.1467,0.08229,6.090089,6.261515,6.443698,6.764459,7.1467,7.558736,7.95752,8.209873,8.467133
1,65,-0.3521,7.2666,0.08223,6.192965,6.367164,6.55229,6.87822,7.2666,7.685232,8.090377,8.346744,8.608089
1,65.5,-0.3521,7.3854,0.08218,6.294807,6.471767,6.659823,6.990901,7.3854,7.810607,8.222098,8.482471,8.747892
1,66,-0.3521,7.5034,0.08215,6.395745,6.57548,6.766481,7.102739,7.5034,7.935237,8.353132,8.617553,8.887095
1,66.5,-0.3521,7.6206,0.08213,6.49589,6.678396,6.872341,7.213776,7.6206,8.059071,8.483379,8.751853,9.025525
1,67,-0.3521,7.737,0.08212,6.595235,6.78051,6.977398,7.324011,7.737,8.182112,8.612843,8.885379,9.16319
1,67.5,-0.3521,7.8526,0.08212,6.693776,6.881819,7.081648,7.43344,7.8526,8.304363,8.741529,9.018137,9.300099
1,68,-0.3521,7.9674,0.08214,6.791378,6.982208,7.185,7.542013,7.9674,8.425883,8.869561,9.150293,9.436461
1,68.5,-0.3521,8.0816,0.08216,6.888461,7.082064,7.287805,7.650014,8.0816,8.546773,8.996931,9.281768,9.572124
1,69,-0.3521,8.1955,0.08219,6.985149,7.181539,7.390244,7.757678,8.1955,8.667407,9.124096,9.413071,9.707649
1,69.5,-0.3521,8.3092,0.08224,7.081388,7.2806,7.492309,7.865043,8.3092,8.787957,9.251294,9.544487,9.843373
1,70,-0.3521,8.4227,0.08229,7.177438,7.379471,7.594181,7.972213,8.4227,8.908303,9.378287,9.675696,9.978888
1,70.5,-0.3521,8.5358,0.08235,7.272991,7.477858,7.695586,8.078943,8.5358,9.028296,9.504978,9.806637,10.11417
1,71,-0.3521,8.648,0.08241,7.367757,7.575438,7.796163,8.184813,8.648,9.147347,9.630686,9.936572,10.24843
1,71.5,-0.3521,8.7594,0.08248,7.461678,7.672178,7.895907,8.289862,8.7594,9.265626,9.755654,10.06579,10.38198
1,72,-0.3521,8.8697,0.08254,7.55478,7.768056,7.994741,8.393916,8.8697,9.382688,9.879288,10.19359,10.51406
1,72.5,-0.3521,8.9788,0.08262,7.646549,7.862618,8.092279,8.496715,8.9788,9.49862,10.00187,10.3204,10.64519
1,73,-0.3521,9.0865,0.08269,7.737245,7.956055,8.188637,8.598234,9.0865,9.613018,10.12279,10.44546,10.77448
1,73.5,-0.3521,9.1927,0.08276,7.82664,8.048159,8.283627,8.698324,9.1927,9.725841,10.24205,10.56882,10.90203
1,74,-0.3521,9.2974,0.08283,7.914735,8.138929,8.377249,8.796986,9.2974,9.837087,10.35967,10.69049,11.02784
1,74.5,-0.3521,9.401,0.08289,8.00202,8.228845,8.469968,8.894657,9.401,9.947111,10.47594,10.81073,11.15214
1,75,-0.3521,9.5032,0.08295,8.088095,8.317519,8.561412,8.990996,9.5032,10.05566,10.59067,10.92939,11.27481
1,75.5,-0.3521,9.6041,0.08301,8.173043,8.405039,8.651671,9.086097,9.6041,10.16285,10.70398,11.04658,11.39598
1,76,-0.3521,9.7033,0.08307,8.256526,8.491054,8.740385,9.179582,9.7033,10.26824,10.8154,11.16183,11.51515
1,76.5,-0.3521,9.8007,0.08311,8.338773,8.575747,8.827684,9.27148,9.8007,10.3716,10.92455,11.27465,11.63173
1,77,-0.3521,9.8963,0.08314,8.419636,8.658991,8.913462,9.361732,9.8963,10.47298,11.03155,11.38522,11.74594
1,77.5,-0.3521,9.9902,0.08317,8.499043,8.740739,8.997703,9.450372,9.9902,10.57257,11.13666,11.49384,11.85814
1,78,-0.3521,10.0827,0.08318,8.577574,8.821532,9.080901,9.537811,10.0827,10.67054,11.23993,11.60047,11.96819
1,78.5,-0.3521,10.1741,0.08318,8.65533,8.9015,9.16322,9.624271,10.1741,10.76727,11.34182,11.70563,12.07668
1,79,-0.3521,10.2649,0.08316,8.732905,8.981224,9.245227,9.710293,10.2649,10.86321,11.44274,11.80969,12.18395
1,79.5,-0.3521,10.3558,0.08313,8.810738,9.061183,9.327443,9.796476,10.3558,10.95919,11.54361,11.91365,12.29106
1,80,-0.3521,10.4475,0.08308,8.889597,9.142137,9.410618,9.88355,10.4475,11.05585,11.64505,12.0181,12.39858
1,80.5,-0.3521,10.5405,0.08301,8.969915,9.22453,9.495209,9.971992,10.5405,11.15373,11.74761,12.12362,12.50708
1,81,-0.3521,10.6352,0.08293,9.051873,9.308575,9.581465,10.06212,10.6352,11.25332,11.8519,12.23085,12.61731
1,81.5,-0.3521,10.7322,0.08284,9.135985,9.394803,9.669929,10.15449,10.7322,11.35525,11.95856,12.34049,12.72995
1,82,-0.3521,10.8321,0.08273,9.222944,9.483891,9.761267,10.24976,10.8321,11.46008,12.06811,12.45299,12.84545
1,82.5,-0.3521,10.935,0.0826,9.312846,9.575937,9.855578,10.34802,10.935,11.56791,12.18064,12.56846,12.96389
1,83,-0.3521,11.0415,0.08246,9.406036,9.671326,9.953286,10.44977,11.0415,11.67945,12.29698,12.6878,13.08626
1,83.5,-0.3521,11.1516,0.08231,9.502522,9.770064,10.0544,10.55502,11.1516,11.7947,12.41712,12.811,13.21254
1,84,-0.3521,11.2651,0.08215,9.602142,9.871983,10.15874,10.66357,11.2651,11.91343,12.54083,12.93781,13.34249
1,84.5,-0.3521,11.3817,0.08198,9.704648,9.976826,10.26604,10.77516,11.3817,12.03533,12.66777,13.06789,13.47573
1,85,-0.3521,11.5007,0.08181,9.809266,10.08383,10.37556,10.88904,11.5007,12.15975,12.79732,13.20064,13.61171
1,85.5,-0.3521,11.6218,0.08163,9.915931,10.19289,10.48714,11.00501,11.6218,12.28626,12.92898,13.3355,13.74978
1,86,-0.3521,11.7444,0.08145,10.02395,10.30333,10.60013,11.12243,11.7444,12.41434,13.06224,13.47199,13.88953
1,86.5,-0.3521,11.8678,0.08128,10.13253,10.41437,10.71376,11.24056,11.8678,12.54331,13.1965,13.60955,14.0304
1,87,-0.3521,11.9916,0.08111,10.24152,10.52582,10.8278,11.3591,11.9916,12.67267,13.33114,13.74748,14.17165
1,87.5,-0.3521,12.1152,0.08096,10.35002,10.63682,10.94143,11.47732,12.1152,12.80197,13.46586,13.88559,14.31317
1,88,-0.3521,12.2382,0.08082,10.45787,10.74717,11.05443,11.59491,12.2382,12.9307,13.60004,14.02317,14.45419
1,88.5,-0.3521,12.3603,0.08069,10.5648,10.85661,11.16651,11.7116,12.3603,13.05854,13.73336,14.1599,14.59437
1,89,-0.3521,12.4815,0.08058,10.67062,10.96496,11.27754,11.8273,12.4815,13.18559,13.86599,14.29604,14.73404
1,89.5,-0.3521,12.6017,0.08048,10.77542,11.0723,11.38755,11.94199,12.6017,13.31166,13.99766,14.43122,14.87278
1,90,-0.3521,12.7209,0.08041,10.87879,11.17826,11.49627,12.05551,12.7209,13.43693,14.12875,14.56597,15.01124
1,90.5,-0.3521,12.8392,0.08034,10.98141,11.28346,11.60418,12.16819,12.8392,13.56123,14.25882,14.69965,15.14859
1,91,-0.3521,12.9569,0.0803,11.08292,11.38761,11.71114,12.28006,12.9569,13.68517,14.38877,14.83338,15.28616
1,91.5,-0.3521,13.0742,0.08026,11.1841,11.49143,11.81775,12.39156,13.0742,13.80869,14.51826,14.96664,15.42324
1,92,-0.3521,13.191,0.08025,11.28423,11.59427,11.92347,12.50235,13.191,13.93195,14.64776,15.10008,15.5607
1,92.5,-0.3521,13.3075,0.08025,11.38389,11.69667,12.02877,12.61276,13.3075,14.055,14.77713,15.23344,15.69813
1,93,-0.3521,13.4239,0.08026,11.48324,11.79879,12.13384,12.723,13.4239,14.17803,14.90658,15.36695,15.83577
1,93.5,-0.3521,13.5404,0.08029,11.58224,11.90063,12.23869,12.83317,13.5404,14.30137,15.03655,15.50112,15.97422
1,94,-0.3521,13.6572,0.08034,11.68105,12.00234,12.3435,12.94344,13.6572,14.42523,15.16726,15.63618,16.11372
1,94.5,-0.3521,13.7746,0.0804,11.78012,12.10437,12.44868,13.05418,13.7746,14.54984,15.29886,15.77223,16.25431
1,95,-0.3521,13.8928,0.08047,11.87963,12.2069,12.55442,13.16559,13.8928,14.67539,15.43158,15.90949,16.39622
1,95.5,-0.3521,14.012,0.08056,11.97952,12.30989,12.66072,13.27776,14.012,14.80223,15.56585,16.04848,16.54005
1,96,-0.3521,14.1325,0.08067,12.08003,12.41361,12.76787,13.39097,14.1325,14.93065,15.70201,16.18957,16.68618
1,96.5,-0.3521,14.2544,0.08078,12.18169,12.51852,12.87624,13.50549,14.2544,15.06057,15.83976,16.33231,16.83404
1,97,-0.3521,14.3782,0.08092,12.28423,12.62446,12.98583,13.62153,14.3782,15.19284,15.9803,16.47814,16.98528
1,97.5,-0.3521,14.5038,0.08106,12.38826,12.73194,13.097,13.73924,14.5038,15.32703,16.1229,16.6261,17.13875
1,98,-0.3521,14.6316,0.08122,12.49363,12.8409,13.20979,13.85884,14.6316,15.46379,16.26843,16.77723,17.29563
1,98.5,-0.3521,14.7614,0.08139,12.60041,12.95136,13.32417,13.98021,14.7614,15.60279,16.41646,16.93104,17.45536
1,99,-0.3521,14.8934,0.08157,12.70876,13.06348,13.44033,14.10354,14.8934,15.74427,16.56723,17.08775,17.61818
1,99.5,-0.3521,15.0275,0.08177,12.81834,13.17696,13.55799,14.22865,15.0275,15.88821,16.72085,17.24756,17.78436
1,100,-0.3521,15.1637,0.08198,12.92938,13.292,13.67733,14.35561,15.1637,16.03453,16.87711,17.41019,17.95354
1,100.5,-0.3521,15.3018,0.0822,13.04171,13.40842,13.79814,14.48425,15.3018,16.18301,17.03581,17.57543,18.12551
1,101,-0.3521,15.4419,0.08243,13.1554,13.5263,13.92051,14.61464,15.4419,16.33376,17.19705,17.74339,18.3004
1,101.5,-0.3521,15.5838,0.08267,13.27026,13.64546,14.04427,14.74659,15.5838,16.48658,17.36062,17.91387,18.47798
1,102,-0.3521,15.7276,0.08292,13.38639,13.76597,14.16948,14.88021,15.7276,16.64157,17.52665,18.08698,18.65839
1,102.5,-0.3521,15.8732,0.08317,13.50393,13.88796,14.29624,15.01548,15.8732,16.79852,17.69479,18.26231,18.84113
1,103,-0.3521,16.0206,0.08343,13.62264,14.01121,14.42437,15.15231,16.0206,16.95755,17.86529,18.44018,19.0266
1,103.5,-0.3521,16.1697,0.0837,13.74241,14.13562,14.55376,15.2906,16.1697,17.11855,18.03804,18.62048,19.2147
1,104,-0.3521,16.3204,0.08397,13.86342,14.26132,14.6845,15.43035,16.3204,17.2813,18.21271,18.8028,19.40491
1,104.5,-0.3521,16.4728,0.08425,13.98548,14.38817,14.8165,15.57155,16.4728,17.44604,18.38963,18.98757,19.59777
1,105,-0.3521,16.6268,0.08453,14.10877,14.51631,14.94985,15.71422,16.6268,17.61253,18.56848,19.17436,19.79277
1,105.5,-0.3521,16.7826,0.08481,14.23345,14.6459,15.08472,15.85853,16.7826,17.78099,18.74947,19.36341,19.99014
1,106,-0.3521,16.9401,0.0851,14.35916,14.77663,15.22084,16.00429,16.9401,17.95145,18.93274,19.55494,20.19019
1,106.5,-0.3521,17.0995,0.08539,14.48635,14.90889,15.35856,16.15179,17.0995,18.12398,19.11828,19.74885,20.39275
1,107,-0.3521,17.2607,0.08568,14.61492,15.0426,15.4978,16.30093,17.2607,18.29849,19.30597,19.94503,20.5977
1,107.5,-0.3521,17.4237,0.08599,14.74431,15.17728,15.63817,16.45149,17.4237,18.47523,19.49634,20.14419,20.80594
1,108,-0.3521,17.5885,0.08629,14.87535,15.31363,15.78024,16.60381,17.5885,18.65383,19.68862,20.34528,21.01615
1,108.5,-0.3521,17.7553,0.0866,15.00765,15.45136,15.92381,16.75783,17.7553,18.83476,19.88356,20.54925,21.22947
1,109,-0.3521,17.9242,0.08691,15.14156,15.59077,16.06914,16.91378,17.9242,19.01798,20.081,20.75587,21.44557
1,109.5,-0.3521,18.0954,0.08723,15.27697,15.7318,16.21622,17.07172,18.0954,19.20386,20.28146,20.96574,21.66518
1,110,-0.3521,18.2689,0.08755,15.41415,15.87468,16.36525,17.23176,18.2689,19.39227,20.48466,21.1785,21.88782
2,45,-0.3833,2.4607,0.09029,2.066469,2.129751,2.197295,2.316937,2.4607,2.617102,2.769874,2.867253,2.967084
2,45.5,-0.3833,2.5457,0.09033,2.137691,2.203182,2.273085,2.396908,2.5457,2.707579,2.865707,2.966503,3.06984
2,46,-0.3833,2.6306,0.09037,2.208818,2.276517,2.348778,2.47678,2.6306,2.797955,2.961438,3.065651,3.172493
2,46.5,-0.3833,2.7155,0.0904,2.279978,2.34988,2.424493,2.556665,2.7155,2.888316,3.057139,3.164758,3.275093
2,47,-0.3833,2.8007,0.09044,2.351337,2.423458,2.50044,2.636812,2.8007,2.979021,3.153227,3.264281,3.378141
2,47.5,-0.3833,2.8867,0.09048,2.423357,2.497718,2.577093,2.717708,2.8867,3.070581,3.250226,3.364751,3.482171
2,48,-0.3833,2.9741,0.09052,2.496542,2.573181,2.654989,2.799918,2.9741,3.163636,3.348812,3.466867,3.587909
2,48.5,-0.3833,3.0636,0.09056,2.571479,2.650451,2.734752,2.8841,3.0636,3.25893,3.449774,3.571445,3.696198
2,49,-0.3833,3.156,0.0906,2.648838,2.730221,2.817095,2.971008,3.156,3.357314,3.554011,3.679418,3.808005
2,49.5,-0.3833,3.252,0.09064,2.729207,2.813094,2.902644,3.0613,3.252,3.459533,3.662315,3.791604,3.924175
2,50,-0.3833,3.3518,0.09068,2.812752,2.899244,2.991576,3.155165,3.3518,3.565801,3.774909,3.908237,4.044951
2,50.5,-0.3833,3.4557,0.09072,2.899726,2.98893,3.084158,3.252884,3.4557,3.676436,3.892134,4.029667,4.170696
2,51,-0.3833,3.5636,0.09076,2.990043,3.082063,3.180301,3.354363,3.5636,3.791333,4.013876,4.155778,4.301291
2,51.5,-0.3833,3.6754,0.0908,3.083618,3.178559,3.279915,3.459507,3.6754,3.910385,4.140025,4.286455,4.436616
2,52,-0.3833,3.7911,0.09085,3.180391,3.278363,3.382958,3.568293,3.7911,4.033622,4.270637,4.421777,4.57677
2,52.5,-0.3833,3.9105,0.09089,3.280312,3.381404,3.489332,3.680579,3.9105,4.160775,4.405377,4.561358,4.721321
2,53,-0.3833,4.0332,0.09093,3.382985,3.487286,3.598641,3.795965,4.0332,4.291447,4.543848,4.704809,4.869881
2,53.5,-0.3833,4.1591,0.09098,3.488262,3.595865,3.710748,3.91433,4.1591,4.425561,4.686003,4.852097,5.022438
2,54,-0.3833,4.2875,0.09102,3.595683,3.706646,3.825119,4.035067,4.2875,4.562313,4.830929,5.00224,5.177937
2,54.5,-0.3833,4.4179,0.09106,3.704765,3.819142,3.941262,4.15768,4.4179,4.701201,4.978124,5.154738,5.335877
2,55,-0.3833,4.5498,0.0911,3.815089,3.932921,4.058733,4.281698,4.5498,4.841693,5.127025,5.309008,5.495657
2,55.5,-0.3833,4.6827,0.09114,3.926234,4.04755,4.177084,4.406651,4.6827,4.983257,5.277069,5.464466,5.656672
2,56,-0.3833,4.8162,0.09118,4.037866,4.162683,4.295958,4.532161,4.8162,5.125467,5.427805,5.620645,5.818439
2,56.5,-0.3833,4.95,0.09121,4.14981,4.278128,4.415143,4.657978,4.95,5.267968,5.578821,5.777096,5.980469
2,57,-0.3833,5.0837,0.09125,4.261578,4.393408,4.534174,4.783665,5.0837,5.410406,5.729813,5.933551,6.14253
2,57.5,-0.3833,5.2173,0.09128,4.373328,4.508656,4.653161,4.909283,5.2173,5.552707,5.880629,6.089804,6.304363
2,58,-0.3833,5.3507,0.0913,4.484981,4.623793,4.772019,5.034741,5.3507,5.694762,6.031152,6.24573,6.465836
2,58.5,-0.3833,5.4834,0.09132,4.596039,4.738318,4.890248,5.159537,5.4834,5.836075,6.180893,6.400851,6.626477
2,59,-0.3833,5.6151,0.09134,4.70625,4.851972,5.007579,5.283389,5.6151,5.976328,6.329515,6.554815,6.785923
2,59.5,-0.3833,5.7454,0.09135,4.81537,4.964486,5.123718,5.405955,5.7454,6.115053,6.47648,6.707039,6.943542
2,60,-0.3833,5.8742,0.09136,4.923229,5.075701,5.238517,5.527109,5.8742,6.252183,6.621759,6.857516,7.099354
2,60.5,-0.3833,6.0014,0.09137,5.029742,5.185529,5.351886,5.646756,6.0014,6.387612,6.765237,7.006131,7.25324
2,61,-0.3833,6.127,0.09137,5.135007,5.294055,5.463893,5.764934,6.127,6.521295,6.906823,7.152759,7.405039
2,61.5,-0.3833,6.2511,0.09136,5.239112,5.401368,5.574631,5.881739,6.2511,6.653335,7.046623,7.297508,7.554862
2,62,-0.3833,6.3738,0.09135,5.342048,5.507474,5.684122,5.997229,6.3738,6.783883,7.184842,7.440617,7.702988
2,62.5,-0.3833,6.4948,0.09133,5.443665,5.612202,5.792171,6.111161,6.4948,6.912573,7.321042,7.581605,7.848883
2,63,-0.3833,6.6144,0.09131,5.544116,5.715727,5.898977,6.223778,6.6144,7.039769,7.455657,7.720949,7.993075
2,63.5,-0.3833,6.7328,0.09129,5.643569,5.818222,6.004718,6.335269,6.7328,7.165684,7.588912,7.858882,8.135803
2,64,-0.3833,6.8501,0.09126,5.742214,5.919864,6.109558,6.445771,6.8501,7.290375,7.720817,7.995382,8.277013
2,64.5,-0.3833,6.9662,0.09123,5.839864,6.020479,6.213336,6.555148,6.9662,7.413783,7.851358,8.130467,8.416754
2,65,-0.3833,7.0812,0.09119,5.936714,6.120247,6.316217,6.663537,7.0812,7.535964,7.980543,8.264111,8.554964
2,65.5,-0.3833,7.195,0.09115,6.032572,6.218991,6.418038,6.770804,7.195,7.656861,8.10836,8.396335,8.691701
2,66,-0.3833,7.3076,0.0911,6.127553,6.316808,6.518879,6.876992,7.3076,7.77642,8.234702,8.526991,8.826775
2,66.5,-0.3833,7.4189,0.09106,6.221346,6.413417,6.618491,6.981917,7.4189,7.894642,8.359674,8.656259,8.960443
2,67,-0.3833,7.5288,0.09101,6.314096,6.508928,6.716946,7.085578,7.5288,8.011313,8.482941,8.783722,9.092201
2,67.5,-0.3833,7.6375,0.09096,6.405857,6.603417,6.814342,7.188115,7.6375,8.126699,8.604839,8.909763,9.222481
2,68,-0.3833,7.7448,0.0909,6.496582,6.696814,6.910586,7.28939,7.7448,8.24053,8.725027,9.033992,9.350843
2,68.5,-0.3833,7.8509,0.09085,6.586198,6.789085,7.005688,7.389495,7.8509,8.353133,8.843963,9.156954,9.477926
2,69,-0.3833,7.9559,0.09079,6.675032,6.880527,7.099906,7.48862,7.9559,8.464499,8.961523,9.27845,9.603447
2,69.5,-0.3833,8.0599,0.09074,6.762921,6.971011,7.193158,7.586761,8.0599,8.574851,9.07806,9.398919,9.727939
2,70,-0.3833,8.163,0.09068,6.850199,7.060842,7.285707,7.684113,8.163,8.684179,9.193444,9.518151,9.851105
2,70.5,-0.3833,8.2651,0.09062,6.936657,7.149824,7.377377,7.780531,8.2651,8.792433,9.307683,9.636192,9.973033
2,71,-0.3833,8.3666,0.09056,7.022631,7.238303,7.468525,7.876392,8.3666,8.90004,9.421228,9.753509,10.09421
2,71.5,-0.3833,8.4676,0.0905,7.108205,7.326367,7.559241,7.971789,8.4676,9.007106,9.534193,9.870218,10.21474
2,72,-0.3833,8.5679,0.09043,7.193344,7.413956,7.649438,8.066588,8.5679,9.113356,9.646221,9.985913,10.33418
2,72.5,-0.3833,8.6674,0.09037,7.277698,7.500756,7.738841,8.160589,8.6674,9.218809,9.757458,10.10082,10.45285
2,73,-0.3833,8.7661,0.09031,7.361399,7.586879,7.827544,8.253844,8.7661,9.323402,9.867777,10.21478,10.57052
2,73.5,-0.3833,8.8638,0.09025,7.444278,7.672153,7.915366,8.346165,8.8638,9.426922,9.976953,10.32754,10.68695
2,74,-0.3833,8.9601,0.09018,7.526142,7.756351,8.002049,8.437231,8.9601,9.52888,10.0844,10.43847,10.80143
2,74.5,-0.3833,9.0552,0.09012,7.606876,7.839407,8.087576,8.527118,9.0552,9.629617,10.19061,10.54816,10.91467
2,75,-0.3833,9.149,0.09005,7.68668,7.921476,8.172055,8.615846,9.149,9.728897,10.29521,10.65612,11.02607
2,75.5,-0.3833,9.2418,0.08999,7.765519,8.002572,8.255554,8.703582,9.2418,9.827172,10.3988,10.76308,11.13648
2,76,-0.3833,9.3337,0.08992,7.843766,8.08303,8.338363,8.790535,9.3337,9.924413,10.50122,10.86878,11.24553
2,76.5,-0.3833,9.4252,0.08985,7.921697,8.163159,8.420829,8.87712,9.4252,10.02122,10.60317,10.97399,11.35406
2,77,-0.3833,9.5166,0.08979,7.999415,8.24309,8.503115,8.96356,9.5166,10.11798,10.70513,11.07925,11.46269
2,77.5,-0.3833,9.6086,0.08972,8.077806,8.323686,8.586055,9.050631,9.6086,10.2153,10.80761,11.18499,11.57176
2,78,-0.3833,9.7015,0.08965,8.156974,8.405079,8.669814,9.138558,9.7015,10.31357,10.91107,11.29176,11.68189
2,78.5,-0.3833,9.7957,0.08959,8.237102,8.487483,8.754641,9.227657,9.7957,10.41328,11.01613,11.40021,11.7938
2,79,-0.3833,9.8915,0.08952,8.318749,8.571423,8.841019,9.318332,9.8915,10.51461,11.12282,11.51029,11.90735
2,79.5,-0.3833,9.9892,0.08946,8.401858,8.656893,8.929001,9.410743,9.9892,10.61803,11.23178,11.62277,12.02341
2,80,-0.3833,10.0891,0.0894,8.486836,8.744286,9.018962,9.505233,10.0891,10.72377,11.3432,11.73778,12.14209
2,80.5,-0.3833,10.1916,0.08934,8.574021,8.833949,9.111262,9.602181,10.1916,10.83227,11.45752,11.85579,12.26386
2,81,-0.3833,10.2965,0.08928,8.663244,8.925709,9.20572,9.701398,10.2965,10.94331,11.57452,11.97656,12.3885
2,81.5,-0.3833,10.4041,0.08923,8.754596,9.019686,9.302492,9.803103,10.4041,11.05729,11.69469,12.10066,12.51662
2,82,-0.3833,10.514,0.08918,8.8479,9.115672,9.401333,9.906981,10.514,11.1737,11.81743,12.22742,12.64747
2,82.5,-0.3833,10.6263,0.08914,8.943074,9.21361,9.502215,10.01306,10.6263,11.29274,11.94301,12.35716,12.78146
2,83,-0.3833,10.741,0.0891,9.040282,9.313642,9.605253,10.12141,10.741,11.41431,12.07127,12.48967,12.91832
2,83.5,-0.3833,10.8578,0.08906,9.139273,9.415507,9.71018,10.23174,10.8578,11.53812,12.20189,12.62461,13.05767
2,84,-0.3833,10.9767,0.08903,9.239873,9.519058,9.816874,10.34399,10.9767,11.66423,12.33501,12.76219,13.19981
2,84.5,-0.3833,11.0974,0.089,9.341999,9.624179,9.925186,10.45794,11.0974,11.79224,12.47014,12.90185,13.3441
2,85,-0.3833,11.2198,0.08898,9.445392,9.730633,10.0349,10.57343,11.2198,11.92214,12.60735,13.04369,13.4907
2,85.5,-0.3833,11.3435,0.08897,9.549707,9.838068,10.14566,10.69007,11.3435,12.0535,12.74617,13.18727,13.63914
2,86,-0.3833,11.4684,0.08895,9.655218,9.946702,10.25763,10.80792,11.4684,12.18605,12.88617,13.33201,13.78873
2,86.5,-0.3833,11.594,0.08895,9.76096,10.05564,10.36997,10.92628,11.594,12.31951,13.0273,13.47802,13.93974
2,87,-0.3833,11.7201,0.08895,9.867124,10.16501,10.48275,11.04512,11.7201,12.4535,13.16899,13.62461,14.09135
2,87.5,-0.3833,11.8461,0.08895,9.973203,10.27429,10.59545,11.16387,11.8461,12.58739,13.31057,13.77109,14.24285
2,88,-0.3833,11.972,0.08896,10.07901,10.38332,10.70793,11.28244,11.972,12.72125,13.45221,13.91769,14.39453
2,88.5,-0.3833,12.0976,0.08898,10.18437,10.49193,10.82,11.40066,12.0976,12.85489,13.5937,14.06419,14.54617
2,89,-0.3833,12.2229,0.089,10.28947,10.60026,10.9318,11.51859,12.2229,12.98821,13.73487,14.21035,14.69746
2,89.5,-0.3833,12.3477,0.08903,10.39394,10.708,11.04301,11.63596,12.3477,13.1211,13.87566,14.3562,14.84848
2,90,-0.3833,12.4723,0.08906,10.49824,10.81555,11.15403,11.75315,12.4723,13.25378,14.01625,14.50182,14.99928
2,90.5,-0.3833,12.5965,0.08909,10.60218,10.92274,11.26469,11.86995,12.5965,13.38604,14.15639,14.647,15.14962
2,91,-0.3833,12.7205,0.08913,10.70575,11.02957,11.37502,11.98649,12.7205,13.51818,14.29651,14.79221,15.30007
2,91.5,-0.3833,12.8443,0.08918,10.80893,11.13605,11.48502,12.10274,12.8443,13.65022,14.43662,14.93748,15.45063
2,92,-0.3833,12.9681,0.08923,10.91209,11.24251,11.59501,12.21899,12.9681,13.78226,14.57674,15.08277,15.60123
2,92.5,-0.3833,13.092,0.08928,11.01532,11.34904,11.70507,12.33533,13.092,13.91442,14.717,15.2282,15.75198
2,93,-0.3833,13.2158,0.08934,11.11823,11.45529,11.81489,12.45148,13.2158,14.04658,14.85736,15.37381,15.90298
2,93.5,-0.3833,13.3399,0.08941,11.22116,11.56159,11.92481,12.56782,13.3399,14.17916,14.99828,15.52006,16.05472
2,94,-0.3833,13.4643,0.08948,11.32432,11.66814,12.03498,12.68444,13.4643,14.31208,15.13957,15.66671,16.20688
2,94.5,-0.3833,13.5892,0.08955,11.42787,11.77509,12.14557,12.80151,13.5892,14.44555,15.28144,15.81397,16.35968
2,95,-0.3833,13.7146,0.08963,11.5316,11.88227,12.25645,12.91896,13.7146,14.57965,15.42411,15.96212,16.51348
2,95.5,-0.3833,13.8408,0.08972,11.63575,11.98993,12.36787,13.03707,13.8408,14.71473,15.56792,16.11153,16.66866
2,96,-0.3833,13.9676,0.08981,11.74037,12.09808,12.47979,13.15572,13.9676,14.85046,15.71244,16.26169,16.82461
2,96.5,-0.3833,14.0953,0.0899,11.84572,12.20698,12.5925,13.27521,14.0953,14.98716,15.858,16.41294,16.98172
2,97,-0.3833,14.2239,0.09,11.95156,12.31643,12.70583,13.39545,14.2239,15.12494,16.00483,16.56557,17.14033
2,97.5,-0.3833,14.3537,0.0901,12.05836,12.42689,12.8202,13.5168,14.3537,15.26402,16.15305,16.71965,17.30046
2,98,-0.3833,14.4848,0.09021,12.166,12.53825,12.93555,13.63927,14.4848,15.4046,16.30299,16.8756,17.4626
2,98.5,-0.3833,14.6174,0.09033,12.27461,12.65066,13.05204,13.76304,14.6174,15.54691,16.45488,17.03365,17.62701
2,99,-0.3833,14.7519,0.09044,12.38501,12.76488,13.17036,13.88867,14.7519,15.69116,16.60874,17.19368,17.79341
2,99.5,-0.3833,14.8882,0.09057,12.4964,12.88022,13.28993,14.01579,14.8882,15.83756,16.76512,17.35648,17.96283
2,100,-0.3833,15.0267,0.09069,12.60982,12.99761,13.41159,14.14506,15.0267,15.98621,16.9238,17.52161,18.13461
2,100.5,-0.3833,15.1676,0.09083,12.72473,13.11663,13.53502,14.27637,15.1676,16.13767,17.0857,17.69022,18.31016
2,101,-0.3833,15.3108,0.09096,12.84174,13.23779,13.66063,14.40992,15.3108,16.29149,17.25001,17.86129,18.48819
2,101.5,-0.3833,15.4564,0.0911,12.96047,13.36076,13.78817,14.54561,15.4564,16.44801,17.41733,18.03555,18.66963
2,102,-0.3833,15.6046,0.09125,13.08107,13.48572,13.91781,14.68363,15.6046,16.60744,17.58787,18.21325,18.85472
2,102.5,-0.3833,15.7553,0.09139,13.20394,13.613,14.04981,14.82407,15.7553,16.76944,17.76106,18.39363,19.04254
2,103,-0.3833,15.9087,0.09155,13.32851,13.74212,14.18382,14.96682,15.9087,16.93459,17.93784,18.57791,19.23456
2,103.5,-0.3833,16.0645,0.0917,13.45527,13.87346,14.32009,15.11191,16.0645,17.10221,18.11715,18.76476,19.4292
2,104,-0.3833,16.2229,0.09186,13.58388,14.00677,14.45845,15.2593,16.2229,17.27275,18.29972,18.95508,19.62753
2,104.5,-0.3833,16.3837,0.09203,13.71417,14.14187,14.59872,15.40883,16.3837,17.446,18.48533,19.14865,19.82933
2,105,-0.3833,16.547,0.09219,13.84672,14.27927,14.74134,15.56077,16.547,17.62184,18.67358,19.34491,20.03387
2,105.5,-0.3833,16.7129,0.09236,13.98111,14.41863,14.88603,15.71502,16.7129,17.80061,18.86511,19.54466,20.24213
2,106,-0.3833,16.8814,0.09254,14.11732,14.55992,15.03279,15.87158,16.8814,17.98231,19.05991,19.74792,20.45414
2,106.5,-0.3833,17.0527,0.09271,14.25605,14.70378,15.18217,16.03084,17.0527,18.16692,19.25771,19.95423,20.66926
2,107,-0.3833,17.2269,0.09289,14.39684,14.84983,15.33388,16.19268,17.2269,18.35478,19.45914,20.16441,20.8885
2,107.5,-0.3833,17.4039,0.09307,14.53987,14.99821,15.48801,16.35711,17.4039,18.54568,19.66383,20.378,21.1113
2,108,-0.3833,17.5839,0.09326,14.68504,15.14886,15.64456,16.52422,17.5839,18.73995,19.87227,20.5956,21.33837
2,108.5,-0.3833,17.7668,0.09344,14.83281,15.30215,15.8038,16.69412,17.7668,18.93723,20.08383,20.81637,21.56869
2,109,-0.3833,17.9526,0.09363,14.98261,15.45761,15.96535,16.86659,17.9526,19.13778,20.29904,21.04105,21.80317
2,109.5,-0.3833,18.1412,0.09382,15.13464,15.61539,16.12932,17.04165,18.1412,19.34137,20.51753,21.26916,22.04124
2,110,-0.3833,18.3324,0.09401,15.28873,15.77532,16.29552,17.2191,18.3324,19.54779,20.73907,21.50047,22.28267